200	What is the nature of the hazard found in the Scotch eggs and Savoury Bites products?	Are there any other products from Pork Farms that have been recalled due to foreign bodies?	How many glass fragments were detected in the affected batches of Precooked cooked pork meat products?	Were the affected products distributed only within the UK or also internationally?	What is the estimated cost of the product withdrawal and recall for Marks and Spencer and Somerfield?
201	What is the nature of the allergen hazard associated with Fabulously Fun Lolly Pops?	Are eggs and products thereof commonly used as ingredients in confectionery products like lollipops?	Has Confectionery Trading Company recalled any other products due to similar allergen hazards?	Can consumers who are allergic to eggs safely consume Fabulously Fun Lolly Pops?	What steps can I take to inform customers about the egg allergen hazard in these lollipops?
202	What is the nature of the hazard identified in this incident (eggs and products thereof)?	How does the presence of eggs in milk chocolate affect consumers with egg allergies?	Is there any information on the quantity of contaminated product that was produced or distributed?	Were any recalls issued as a result of this incident, and if so, what were their details?	What steps can I take to ensure compliance with food safety regulations regarding allergens in chocolate products?
203	What is the specific type of heavy metal contaminant found in the White Wings—Cornflour 300 G product?	Is there any information available about the source or origin of the contaminated corn used to produce this product?	Has any recall been initiated for this product due to the heavy metals contamination?	Are there any similar incidents reported involving other products made from corn or cereals and bakery products?	What are the potential health risks associated with consuming White Wings—Cornflour 300 G contaminated with heavy metals?
204	What is Sudan 4 and what makes it a chemical hazard?	Is palm oil commonly used in food products that I consume regularly?	Can you provide more information about the unauthorized use of Sudan 4 in this product?	How does this incident affect the safety of other fats and oils on the market?	What are the next steps for recalling or re-labeling affected products containing palm oil?
205	What is the estimated number of glass fragments found in the affected product?	Has Conga Foods Pty Ltd issued a recall notice for the Spanish Black Pitted Olives with the specific batch number associated with this incident?	Can you provide more information about the Green Valley facility where the contaminated olives were produced?	What is the typical manufacturing process for glass jars used to package the Spanish Black Pitted Olives, and could it have contributed to the presence of a glass fragment?	Are there any similar incidents reported involving glass fragments in other products manufactured by Conga Foods Pty Ltd?
206	What is the current status of the recall for F Mayer Imports Pty Ltd's Smoked Salmon product?	Are there any similar incidents involving Listeria monocytogenes in smoked seafood products?	Has the Australian government taken any measures to prevent future contamination of smoked salmon products?	Can I get a list of all food products recalled due to Listeria monocytogenes contamination since 2020?	What are the typical symptoms of Listeria monocytogenes infection in humans, and how is it treated?
207	What is the nature of the fraud alleged in this incident?	Was there any misdescription or misleading labelling on the packaging of these Mini Beef Ravioli in Tomato Sauce products?	Can you provide more information about the product category 'prepared dishes and snacks' and how it relates to this incident?	What specific actions did Hormel Foods Australia Pty Ltd take in response to this alleged fraud?	Are there any similar incidents involving Hormel Foods or their products that I should be aware of?
208	What was the nature of the labelling/misdescription issue with the Fruity Muesli Cookies?	Did Woolworths Limited recall any batches of the affected product?	Were there any reported cases of consumer illness or injury related to consuming the mislabelled cookies?	Can I see a copy of the original label that was used on the Fruity Muesli Cookies?	Has Woolworths Limited taken any steps to prevent similar incidents from happening in the future?
209	What is the toxin that was detected in the Homebrand Mackerel in Natural Oil product?	Is there a risk of food poisoning associated with consuming this product?	Has Woolworths Limited issued any recalls or warnings related to this incident?	What is the recommended safe handling and storage procedure for Mackerel in Natural Oil products to prevent toxin contamination?	Are there any similar incidents of toxin contamination reported in other seafood products from Woolworths Limited or Homebrand?
210	What is the specific product description of the deli cooked lamb that was recalled?	Are there any reported cases of salmonella illness associated with this recall?	Has WM Morrison taken steps to sanitize their instore delicatessen counters and equipment?	Is the recall limited to a specific geographic area or all locations where the product was sold?	What is the estimated quantity of affected product that has been recalled by WM Morrison?
211	What is the specific date range during which the contaminated ham was sold from Sainsbury's delicatessen counters?	Are there any other products or brands that have been recalled due to salmonella contamination in the past year?	Can I get a list of all the stores where this contaminated ham was sold, and are they located in a specific region?	What is the recommended course of action for consumers who may have purchased this product and are concerned about food safety?	Is there any information available on how Sainsbury's plans to prevent similar incidents from happening in the future?
212	What is the nature of the plastic fragment found in the Maggi Frozen Macaroni Cheese?	Was the product recalled by Nestlé due to this incident?	Can you provide more information about the preparation and cooking instructions for this ready-to-eat meal?	How does a foreign body like a plastic fragment end up in a frozen food product like Maggi Frozen Macaroni Cheese?	Are there any similar incidents of plastic fragments being found in other Nestlé products?
213	What is the specific allergen (peanuts) that was found in the product?	Is it possible to identify the source of the peanuts contamination in the milk chocolate covered raisins?	Were there any reported cases of allergic reactions or illnesses related to this incident?	Does this recall affect other products from Candy Lane Chocolate Coated Sultanas, such as their plain sultanas or other confectionery items?	What is the current status of the product's availability in stores and online marketplaces?
214	What is the current status of the Marks & Spencer Cheesy Spirals 'Loved by Kids' meal recall?	Can you provide more information about the chemical hazard (chlorine) found in the product?	Are there any similar products from Marks & Spencer that have been recalled for a chemical hazard?	How can I be sure that my child is not affected by consuming this product, and what should I do if they have already eaten it?	Is there an investigation underway to determine how chlorine ended up in the Cheesy Spirals 'Loved by Kids' meal?
215	What is the nature of the allergen (milk and products thereof) found in the Seawoods Soft Flour Cake?	How does the presence of milk and products thereof affect consumers who are lactose intolerant or have a milk allergy?	Is there any information on the quantity of milk and products thereof used in the production of the Seawoods Soft Flour Cake?	Can you provide more details about the FSANZ 2005/01 reference mentioned in this incident record?	What are the potential consequences for consumers who consume the Seawoods Soft Flour Cake without being aware of the milk allergen?
216	What is the estimated weight range of the affected BBQ sausages?	Are there any specific pack sizes that were found to contain plastic fragments?	Can you provide more information about the type of plastic fragment detected in the sausage product?	Were any other products from Coles and Bi-Lo recalled due to similar foreign body hazards?	What is the current status of this incident, has a recall been initiated or completed?
217	What was the nature of the spoilage issue with the chocolate flavoured milk UHT Longlife product?	Was the spoilage issue related to a specific batch or production run of the product?	Did the spoilage issue affect any other products in the dairy category, aside from the chocolate flavoured milk UHT Longlife?	What was the outcome of the investigation into the spoilage incident with Parmalat Australia Ltd's product?	Are there any similar spoilage incidents reported for other dairy products in the same production facility?
218	What is the specific allergenic component of eggs that was found in the Coles Parmagiana Beef Rissoles?	Are there any other products from Coles that contain beef and have been recalled due to similar egg-related hazards?	Can you provide more information about the production process or supply chain for the Coles Parmagiana Beef Rissoles that may have led to the presence of eggs in the product?	Have there been any reported cases of allergic reactions or foodborne illnesses associated with consuming the Coles Parmagiana Beef Rissoles?	What steps is Coles taking to prevent similar incidents involving egg allergens in their meat, egg and dairy products?
219	What is the nature of the allergen hazard in these Masterfoods Mars fundraising speckled eggs boxes?	Are there any specific product categories within cocoa and cocoa preparations, coffee and tea that are most at risk due to this peanut contamination?	Can you provide more information about the chocolate eggs product itself, such as its packaging or manufacturing process?	How might this peanut hazard be mitigated in future production runs of these fundraising speckled eggs boxes?	Are there any similar incidents involving peanuts and products thereof in other Masterfoods Mars products?
220	What is the current status of the product recall for Mauri brand cheese Bon Taleggio Valsassina?	Are there any reported cases of illness associated with consumption of this contaminated cheese product?	Has Fromagent Australia taken corrective actions to prevent future contamination incidents involving their products?	Can you provide more information about the Listeria monocytogenes strain responsible for the contamination in this case?	What are the recommended safe handling and storage procedures for consumers who may have purchased this contaminated cheese product?
221	What is the specific allergenic component of milk that was found in Uncle Tobys—Le Snak Rice Crackers?	Are there any other products from Uncle Tobys or Le Snak that contain milk and products thereof?	Can you provide more information about the Mild Salsa Dip served with BBQ Flavoured Le Snak Rice Crackers?	How does this incident relate to previous recalls or alerts for Uncle Tobys or Le Snak products?	What are the recommended steps for consumers who may have ingested the affected product and are experiencing symptoms?
222	What was the specific cause of spoilage in the orange juice product?	Were there any reported cases of consumer illness or complaint related to this incident?	Did the affected product lot undergo any quality control checks before being distributed?	Is it possible that the spoilage was due to contamination rather than a manufacturing issue?	What corrective actions were taken by Coles, Farmland & BI-LO to prevent similar incidents in the future?
223	What is the specific type of cereal containing gluten that was found in the Woolworths Home Brand Nacho Cheese Flavoured Corn Chips?	Are there any other products from Woolworths Limited that have been recalled due to similar allergen contamination issues?	Can you provide more information about the manufacturing process for these corn chips, as it may be relevant to understanding how the gluten contamination occurred?	What is the current status of the recall for this product - has it been completed and are there any ongoing investigations?	Are there any recommendations or guidelines provided by regulatory agencies (e.g. FSANZ) regarding safe handling and consumption of these corn chips?
224	What is the current status of the recall for Tender Choice Foods(Aust) Pty Ltd's Oven Roasted Skinless Sliced Chicken products?	Has there been a confirmed case of illness associated with consumption of this product?	Are there any specific storage or handling instructions that consumers should follow to minimize risk?	Can you provide more information on the Listeria monocytogenes contamination found in these chicken products?	Have any similar incidents involving ready-to-eat cook meals been reported in Australia?
225	What is the nature of the plastic fragment found in the Coles Myer Ltd—Bi-Lo Shredded Lite Tasty Cheese product?	Is there a risk assessment available for this incident to determine the potential harm caused by consuming the contaminated cheese?	Can I view the recall notice issued by the relevant authorities as a result of this incident?	What steps has Coles Myer Ltd taken to rectify the situation and prevent similar incidents in the future?	Are there any other products from Coles Myer Ltd that have been recalled due to foreign bodies contamination?
226	What is the nature of the chemical hazard found in Pun Chun Lye Water?	Is there any information available about the source or origin of the contamination?	Has Yuen's Market Trading Company issued any recalls or warnings related to this incident?	Can you provide more details about the 'other' hazard category assigned to this product?	Are there any similar incidents involving bottled water products that have been reported in the past?
227	What is the source of the Escherichia coli (E. coli) contamination in the Aristocrat Gourmet Foods—Aristocrat and Melton Pork Pies?	Are there any reported cases of foodborne illness associated with this product?	Has the manufacturer, Aristocrat Gourmet Foods, issued a recall for this specific product line due to E. coli concerns?	What is the current status of the investigation into the E. coli contamination in these pork pies?	Can I get information on any similar food safety incidents involving prepared dishes and snacks from Aristocrat Gourmet Foods?
228	What is the size and shape of the plastic fragment found in the ice cream?	Was the plastic fragment a part of the packaging or an external contaminant?	Has Coles Myer Ltd taken any corrective actions to prevent similar incidents in the future?	Can I get more information about the production date and batch number of the affected ice cream product?	Are there any other reports of foreign bodies found in Coles Myer Ltd's ice cream products?
229	What is the nature of the foreign body found in the Coles Garden Vegetable Pasta Sauce?	Is there a risk of glass fragments causing physical harm if ingested with pasta?	Has this incident been reported to any regulatory agencies, such as the FDA or FSANZ?	Are there any similar incidents of glass fragments being found in pasta products from other manufacturers?	What steps can I take to minimize the risk of consuming glass fragments when eating pasta?
230	What is the nature of the biological hazard detected in the Lion Globe Dry Seaweed 50g product from Wei Wah International Trading Pty Ltd?	Is it possible that the algae product was contaminated with salmonella due to improper handling or storage during transportation?	Can you provide more information about the specific strain of salmonella found in the Lion Globe Dry Seaweed 50g product?	How does this incident affect the overall safety and quality of other products from Wei Wah International Trading Pty Ltd?	Are there any similar incidents involving dry seaweed or algae products that have been reported in the past?
231	What is the chemical hazard that was detected in the Masterfoods Mars and Snickers Bars?	Are there any similar incidents of chemical hazards in chocolate bars reported previously?	Has Masterfoods taken corrective actions to prevent future occurrences of this chemical hazard?	Can I see a list of all products from Masterfoods that have been recalled due to chemical hazards?	What are the potential health risks associated with consuming these contaminated chocolate bars?
232	What was the nature of the biological hazard found in Coles—Farmland Natural Spring Water?	Was there any information provided about the source or origin of the contaminated spring water?	Did the incident involve a recall of the product, and if so, what were the affected areas?	Were there any reported cases of illness or adverse reactions associated with consuming this product?	Is there any additional information available about the 'other' hazard category mentioned in this record?
233	What is the specific reason for the presence of peanuts and products thereof in Atkins Advantage Chocolate Decadence Bars?	Are there any other allergens present in these chocolate bars that I should be aware of?	Can you provide more information about the product category 'cocoa and cocoa preparations, coffee and tea' and how it relates to this incident?	What are the potential health risks associated with consuming peanuts and products thereof in chocolate bars like Atkins Advantage Chocolate Decadence Bars?	Are there any similar incidents involving Manassen Foods Australia Pty Ltd or their products that I should be aware of?
234	What is the nature of the allergen hazard identified in the Hello Bee Bee Pon Rice Snack?	Is there a risk of cross-contamination with peanuts or peanut products in the production process of this rice snack?	What is the recommended course of action for consumers who have already consumed Hello Bee Bee Pon Rice Snack and are allergic to peanuts?	Has there been any recall or product withdrawal issued by regulatory authorities in response to this incident?	What measures can be taken by the manufacturer, Vihenthi Co Pty Ltd, to prevent similar incidents involving allergens in their products in the future?
235	What type of chemical hazard was detected in the Skinny Milk product?	Is it true that the affected product is a milk-based item, and if so, what specific type of dairy product is it?	Can you provide more information about the 'other not classified chemical hazards' mentioned in this incident record?	Was there any recall or action taken by Parmalat Foods Australia Pty Ltd as a result of this incident?	Are there any similar incidents involving milk products and chemical hazards in the database that I can review?
236	What is the nature of the chemical hazard found in the Pun Chen Lye Water product?	Is there any information available about the source or origin of the contamination in the bottled water?	Has Hong Australia Corp Pty Ltd taken any corrective actions to address this incident and ensure the safety of their products?	Are there any similar incidents reported involving the same company or product category (non-alcoholic beverages) that I should be aware of?	Can you provide more details about the regulatory agency responsible for investigating this incident and what actions they have taken?
237	What is the nature of the 'other not classified biological hazards' found in the Angelakis Brothers—Pacific Red—Frozen Whole Cooked Vannamei Prawn?	Is there any information on how the prawns were handled and stored before the incident to determine if that contributed to the hazard?	Were any recalls issued for this specific product or batch, and if so, what was the scope of the recall?	Can you provide more context about the Angelakis Brothers company, such as their reputation in the industry and compliance history?	Are there similar incidents involving frozen seafood products that have been reported to your application?
238	What is the current status of the recall for these tofu products?	Are there any reported cases of illness associated with consuming these contaminated tofu products?	Can you provide more information about the Escherichia coli (E. coli) strain involved in this incident?	Have any of the affected tofu products been distributed to schools or other high-risk settings?	Is there a risk assessment available for consumers who have already purchased and consumed these contaminated tofu products?
239	What was the nature of the taste disturbance reported for the raw milk product?	Were there any other products from Parmalat Foods Australia Pty Ltd. that were affected by this incident?	Can you provide more information about the organoleptic aspects of the hazard?	Was the raw milk product recalled due to this incident, and if so, what was the scope of the recall?	Are there any similar incidents reported for other dairy products or companies in Australia?
240	What type of toxin was detected in the Trata Brand Anchovy Fillets in Sunflower Oil?	Was there a recall issued for this product due to the chemical hazard?	Can you provide more information about Marco Polo Foods Pty Ltd, the company responsible for producing this contaminated product?	What is the typical shelf life of anchovies in oil, and could the toxin have been present due to improper storage or handling?	Are there any similar incidents involving seafood products contaminated with toxins that I should be aware of?
241	What is the current status of the recall for Pavlova Pantry—Lamingtons?	Has there been any update on the root cause analysis for the Listeria monocytogenes contamination in cakes?	Can you provide more information about the product categories that are most commonly associated with Listeria monocytogenes outbreaks?	Are there any similar incidents of Listeria monocytogenes contamination in cereals and bakery products reported in other countries?	What is the typical shelf life for Lamingtons to ensure they remain safe from Listeria monocytogenes contamination?
240	What is the nature of the chemical toxin found in Marco Polo Foods Pty Ltd's Trata Brand Anchovy Fillets in Sunflower Oil?	Is there any information available on how the anchovies were processed and stored before being packaged in sunflower oil?	Has there been a recall issued for this product by regulatory authorities, such as FSANZ or local health departments?	What are the potential health risks associated with consuming Trata Brand Anchovy Fillets in Sunflower Oil contaminated with toxin?	Are there any similar incidents of chemical contamination reported in seafood products packaged in sunflower oil?
241	What is the current status of the recall for Pavlova Pantry—Lamingtons?	Are there any reported cases of illness associated with consuming Lamingtons contaminated with Listeria monocytogenes?	Has the manufacturer, Pavlova Pantry, implemented corrective actions to prevent future contamination incidents?	What are the recommended storage and handling procedures for cakes that may have been exposed to the recalled Lamingtons?	Can I get a list of all products that were manufactured in the same facility as the contaminated Lamingtons?
242	What type of biological hazard was detected in the Aroy-D Mussaman curry soup product?	Is it possible that the other not classified biological hazards were introduced during the cooking process for ready to eat meals?	Can you provide more information about the T & D Trading Co Pty Ltd company and their food safety practices?	What steps have been taken by regulatory authorities to investigate and address this incident?	Are there any similar incidents of other not classified biological hazards in prepared dishes and snacks products?
243	What is the nature of the plastic fragment found in the Vogels Fruit and Nut Bread from Gold Coast Bakery Queensland Pty Ltd?	Has there been any previous incident reports involving foreign bodies in cereals and bakery products from this manufacturer?	Can you provide more information about the batch number or production date of the affected bread product?	What is the current status of the investigation into this incident, and are any recalls or warnings issued to consumers?	Are there any similar incidents reported involving Vogels Fruit and Nut Bread or other products from Gold Coast Bakery Queensland Pty Ltd?
244	What is the nature of the 'other not classified biological hazards' found in Loong Heed Instant Tai Pla Paste?	Is it possible that consumers who have already purchased and consumed this product may be at risk of foodborne illness?	Can you provide more information about the company, T & D Trading Co Pty Ltd, including their address and contact details?	What are the typical symptoms of food poisoning caused by 'other not classified biological hazards' in ready-to-eat cooked meals like Loong Heed Instant Tai Pla Paste?	Are there any specific guidelines or recommendations for handling and disposal of this product to prevent further contamination?
245	What is the nature of the hazard associated with Coles—Farmland Tropical Muesli (750g)?	Is there a specific type of product that contains peanuts and products thereof, which could be contaminated?	What is the typical serving size or portion of Coles—Farmland Tropical Muesli (750g) that might contain peanuts?	Are there any other products in the cereals and bakery products category that have been recalled due to peanut contamination?	What are the recommended steps for consumers who may have ingested Coles—Farmland Tropical Muesli (750g) containing peanuts?
246	What is the specific reason for the presence of peanuts and products thereof in Uncle Tobys—Plus Sultanas 'n Bran?	How does the product category 'fruits and vegetables' relate to the hazard of peanuts and products thereof?	Are there any other food products that have been recalled or involved in incidents due to similar contamination issues with raisins?	What is the typical shelf life for Uncle Tobys—Plus Sultanas 'n Bran, and could this factor into the likelihood of contamination?	Have there been any reported cases of allergic reactions or adverse health effects associated with consuming Uncle Tobys—Plus Sultanas 'n Bran?
247	What is the exact nature of the contamination found in Marks & Spencer's own-brand cake products?	Are there any reported cases of consumers experiencing physical harm or illness due to consuming these contaminated cakes?	What is the estimated number of affected cake products that were sold by Marks & Spencer before the recall was issued?	Has Marks & Spencer provided any information on how the coloured plastic strands ended up in their cake products?	Are there any similar incidents of food contamination with foreign bodies (e.g. plastic fragments) reported for other bakery products or brands?
248	What was the specific reason for the recall of ham products by MO Firm on Dec 1, 2005?	Were any other types of meat, egg and dairy products also recalled due to Listeria monocytogenes contamination?	Can you provide more information about the Listeria monocytogenes outbreak that led to this recall?	What were the consequences for MO Firm as a result of this food safety incident?	Are there any similar recalls or incidents involving ham products and Listeria monocytogenes in the past?
249	What is the current status of the recall for Conroy's Smallgoods sausage products?	Are there any specific storage or handling instructions I should follow to prevent contamination with Listeria monocytogenes?	Can you provide more information about the affected product categories, specifically what types of smallgoods are included in this recall?	How can consumers identify whether they have purchased a recalled sausage product from Foodland stores?	Are there any similar incidents involving Conroy's Smallgoods or other food manufacturers that I should be aware of?
250	What is the nature of the labelling/misdescription issue reported for Coles—Premium Fruit Mince Pie 4 Pack?	Was there any evidence of intentional deception or misrepresentation by the manufacturer or distributor?	How does this incident relate to previous reports of similar issues with other products in the cereals and bakery products category?	What steps has Coles taken to address the labelling/misdescription issue and ensure compliance with regulatory requirements?	Are there any ongoing investigations or recalls related to this product, and if so, what are their current statuses?
251	What is the nature of the allergen (almond) found in the Coles Myer Limited—Farmland Tropical Muesli product?	Is there any information available on the quantity or concentration of almond present in this muesli product?	Can you provide details about the potential health risks associated with consuming this muesli product for individuals with almond allergies?	Are there any similar food products from Coles Myer Limited that also contain almonds, which could pose a risk to consumers with almond allergies?	What steps has Coles Myer Limited taken to address and rectify the issue of almond presence in their Tropical Muesli product?
252	What is the nature of the metal fragment found in the Bulla Dairy Foods—Bulla , Farmland & Homebrand Brand Names—Low Fat Cottage Cheese product?	Are there any other products from the same manufacturer that have been recalled due to similar foreign body hazards?	How does this incident affect consumers who are lactose intolerant or have dairy allergies?	What steps is the manufacturer taking to prevent future incidents of metal fragments in their cottage cheese products?	Has there been an investigation into how the metal fragment ended up in the product, and what measures will be taken to ensure quality control?
253	What is the current status of the recall for Parilla Fresh Alfalfa sprouts?	Are there any reported cases of salmonella illness linked to consumption of Action brand Alfalfa sprouts?	Can you provide more information about the source and origin of the contaminated alfalfa sprouts?	How can I identify whether I have purchased or consumed contaminated alfalfa sprouts from Woolworths or Action brands?	What are the recommended steps for consumers who may have handled or eaten contaminated alfalfa sprouts?
254	What is the estimated quantity of raspberries affected by the glass fragment?	Were any consumer complaints or illnesses reported due to consumption of the contaminated raspberries?	Has the manufacturer taken steps to recall the affected product and prevent future contamination incidents?	Can you provide more information about the origin and handling practices that led to the presence of a glass fragment in the raspberry conserve?	Are there any similar incidents of foreign bodies being found in fruit or vegetable products from this manufacturer?
255	What is the correct labelling information for Marks & Spencer's own-brand 3 Bean & Spinach Salad with Chive Dressing?	Are soybeans and products thereof a common allergen in salads like this one?	Has there been any previous recalls of Marks & Spencer products due to incorrect labelling?	What is the process for reporting food hazards like this incident to regulatory authorities?	How can I, as a consumer, be sure that the salad I buy from Marks & Spencer has accurate and safe labelling?
256	What is the nature of the biological hazard (yeasts) found in the wine product?	Is there any information available about the potential health risks associated with consuming this contaminated wine?	How was the contamination by yeasts detected and reported to the authorities?	Are there any similar incidents of yeast contamination in other wine products from Pernod Ricard Pacific Pty Ltd?	What corrective actions have been taken or are planned by the manufacturer to prevent future occurrences of yeast contamination?
257	What is the current status of the recall for Parilla—Fresh and Woolworths brand Alfalfa Sprouts?	Are there any reported cases of salmonella illness associated with consuming these alfalfa sprouts?	Can you provide more information about the source of the contaminated alfalfa sprouts?	How can I identify whether the alfalfa sprouts in my fridge are part of this recall?	Have there been any updates to the product category or hazard category for this incident?
258	What is the current status of the recall for Country Valley—Classic Cream (minimum 35% fat) due to E. coli contamination?	Are there any reported cases of illness associated with consuming Country Valley—Classic Cream (minimum 35% fat)?	Can you provide more information about the production facility where Country Valley—Classic Cream (minimum 35% fat) was manufactured?	Is it safe for consumers to consume other dairy products from the same manufacturer as Country Valley—Classic Cream (minimum 35% fat)?	What steps has the regulatory agency taken to investigate and address the E. coli contamination in Country Valley—Classic Cream (minimum 35% fat)?
259	What was the size and shape of the metal fragment found in the minced pork?	Was the metal fragment a result of a manufacturing defect or an external contamination?	Has Woolworths Supermarkets recalled any other products from this supplier due to similar incidents?	What steps is the regulatory agency taking to ensure that all pork mince products are thoroughly inspected for metal fragments?	Are there any recommendations or guidelines provided by the food safety authorities for consumers on how to identify and report similar incidents in the future?
260	What is the nature of the foreign bodies found in Top Taste cakes?	Were any other products from the same batch or production run also affected by the foreign body contamination?	Has there been any previous incident of foreign body contamination with Top Taste cakes or their ingredients?	Can you provide more information about the type of cake that was contaminated (e.g. flavor, size, packaging)?	What is the current status of the product recall and removal from store shelves?
261	What is the current status of the recall for Tibaldi Smallgoods—Loin Capocollo mild?	Are there any reported cases of salmonella illness associated with this product?	Can you provide more information about the manufacturing process and handling procedures that led to the contamination?	How does the presence of salmonella in pork fillets affect the shelf life of the product?	Is it safe for consumers who have already consumed Tibaldi Smallgoods—Loin Capocollo mild to seek medical attention?
262	What is the nature of the plastic fragment found in the Farmland Apple Oven Baked Fruit Bars?	Is there any information available about how the plastic fragment ended up in the product?	Can you provide more details about the Coles Myer Ltd recall process for this product?	Were any other products from Coles Myer Ltd or Farmland affected by this incident?	What steps can consumers take to identify and report similar incidents with their own food products?
263	What is the current status of the recall for Buona Pasta Beef Ravioli and Ravioli Da Brodo?	Are there any reported cases of salmonella illness associated with this product?	Can you provide more information about the supplier, J&F Corbo Pty Ltd, and their food safety practices?	Has the affected product been removed from sale in all states or countries where it was distributed?	What are the recommended steps for consumers who may have purchased Buona Pasta Beef Ravioli and Ravioli Da Brodo?
264	What is the nature of the plastic fragment found in the ham product?	Has Coles Myers Pty Ltd recalled any other products due to foreign bodies in the past?	Is there a risk assessment available for this incident that I can review?	Can you provide more information about the Savings Luncheon Ham and Chicken Meat product, such as its packaging and distribution channels?	What steps is the regulatory agency taking to ensure that similar incidents do not occur in the future?
265	What is the exact nature of the metal contamination found in the Go Ahead! brand Crispy Fruit Slices and Yoghurt Breaks?	Are there any reported cases of consumers actually finding metal fragments in their purchased products?	Can you provide more information on the batches of Go Ahead! brand Crispy Fruit Slices and Yoghurt Breaks that are being recalled?	Is United Biscuits taking any additional steps to ensure the quality control of its confectionery products, aside from this recall?	How can consumers who have purchased affected products get in touch with United Biscuits or a relevant authority for assistance?
266	What is the nature of the microbiological contamination found in the Always Fresh Baby Clams?	Are there any similar incidents reported for Riviana Foods Pty Ltd or their Always Fresh brand?	How does this incident affect the overall safety and quality of clams as a seafood product category?	Can you provide more information about the tin can packaging used for the 200g Always Fresh Baby Clams, considering its potential role in the contamination?	What are the recommended steps for consumers who may have purchased or consumed the contaminated Always Fresh Baby Clams?
267	What was the specific reason for recalling cheese sausages on May 25, 2006?	Are there any other products that contain milk and its by-products which were also recalled on this date?	Can you provide more information about the firm that initiated the recall of cheese sausages?	Were there any reported cases of allergic reactions or illnesses related to consuming these cheese sausages?	Is it possible to view a list of all products and firms involved in recalls due to allergens on this date?
268	What is the current status of the recall for Darling Downs Foods Pty Ltd's Selected KR Castlemaine products?	Are there any reported cases of enterovirus illness associated with consuming ham from Darling Downs Foods Pty Ltd?	Can you provide more information on the potential health risks associated with enteroviruses in meat products like ham?	Has Darling Downs Foods Pty Ltd taken corrective actions to prevent future contamination incidents involving enteroviruses?	Are there any similar food safety incidents reported for other companies that produce ham or other meat, egg and dairy products?
269	What is the nature of the microbiological contamination found in McVitie's The Original Digestive biscuits?	Is there any information available about the source of the contamination (e.g. ingredient supplier, manufacturing process)?	Were any recalls or product withdrawals issued as a result of this incident?	Can you provide more details on the risk assessment that was conducted to determine the severity of the hazard?	Are there any similar incidents involving microbiological contamination in biscuits or other baked goods products?
270	What was the specific cause of spoilage in the Maggi Liquid Cooking Sauce?	How did Nestlé detect the spoilage issue with their product?	Was the spoilage related to a contamination or a manufacturing process error?	Did the spoilage affect the taste, texture, or smell of the cooking sauce?	Has Nestlé recalled any batches of Maggi Liquid Cooking Sauce due to this incident?
271	What is the nature of the fraud involved in the labelling/misdescription of Horlicks drink powder?	How does the mislabelling of milk powder as a meat, egg and dairy product affect consumer safety?	Was any action taken against Wah Lien Trading Pty Ltd following this incident?	Can you provide more information about the investigation into this incident?	What measures can consumers take to protect themselves from similar incidents in the future?
272	What is the nature of the metal fragment found in Sunbeam brand dried fruits?	Are there any similar incidents reported involving Sunbeam Foods Pty Ltd or their products?	How does this incident affect consumers who have purchased Sunbeam brand dried fruits from Angas Park?	Can you provide more information about the product category 'fruits and vegetables' and how it relates to this incident?	What steps is Sunbeam Foods Pty Ltd taking to rectify the situation and prevent future occurrences?
273	What is the specific allergen present in Ricky's BBQ flavoured Rice Crackers?	Are there any other products from Australian Discount Retail that contain gluten?	Can you provide more information about the product category 'cereals and bakery products'?	How does this incident relate to food safety regulations for allergens in Australia?	What are the potential health risks associated with consuming Ricky's BBQ flavoured Rice Crackers for individuals with celiac disease or gluten intolerance?
274	What is the specific allergen present in the Black & Gold Choc sultanas product?	Is there any information available about the production date or batch number of the affected product?	How does this incident relate to other reported cases of peanut contamination in confectionery products?	Can I access a list of all food-incident records related to peanuts and their products?	Are there any recalls or warnings issued by regulatory authorities as a result of this incident?
275	What is the exact nature of the insect infestation found in the Quaker Oats product?	Has there been any recall or withdrawal of similar oat products from other manufacturers due to insect contamination?	Are moth pupae and larvae considered a high-risk food hazard, and what are the potential health consequences for consumers who ingest them?	What is the scope of the withdrawal - was it limited to specific batches, production lines, or even entire facilities?	Has Quaker Oats Ltd taken any measures to prevent future insect infestations in their manufacturing processes?
276	What is the specific strain of Escherichia coli that was found in the frozen beef patties?	Were any consumer complaints or illnesses reported as a result of consuming these recalled ground beef products?	Can you provide more information about the firm that issued the recall, such as their company name and location?	What is the estimated quantity of affected product that was distributed to consumers before the recall was issued?	Are there any similar recalls or incidents involving frozen beef patties or other meat products in the past 5 years?
277	What is the size and shape of the glass fragment found in the pickled cucumbers?	Was the product recalled due to this incident, and if so, what was the recall status?	Can you provide more information about the manufacturing process that led to the presence of a glass fragment in the product?	Were there any consumer complaints or reports related to this incident before it was detected by your application?	How does this incident align with previous food safety incidents involving Manassen Foods Australia Pty Ltd?
278	What is the nature of the metal fragment found in the Nestlé Nan 2 H.A. Gold Infant Formula?	Could the presence of a metal fragment in an infant formula product pose a risk to consumers with certain medical conditions?	Has there been any previous incident reports involving foreign bodies in Nestlé's infant formula products?	What is the recommended course of action for parents who have fed their infants the affected product before discovering this recall notice?	Are there any similar incidents reported in other countries involving metal fragments in infant formula products?
279	What was the specific type of microbiological contamination found in the milk products?	Were any consumers reported to have fallen ill after consuming the contaminated milk products?	Can you provide more information about the production facility where the contaminated milk products were manufactured?	How did the contamination occur, according to the investigation report?	Are there any similar incidents of microbiological contamination in milk products that I should be aware of?
280	What is the specific batch number of the affected Marks & Spencer Strawberry & Almond Crunch breakfast cereals?	Are there any other products from Marks & Spencer that contain milk as an ingredient and may have incorrect allergy labelling?	Has there been a recall of similar breakfast cereal products in the past due to allergen mislabelling?	What is the process for reporting suspected food allergies or intolerances related to Marks & Spencer products?	Are there any plans by Marks & Spencer to implement additional measures to prevent incorrect allergy labelling on their own-brand products?
281	What is the scope of the product recall - are all brands and products affected?	Can you provide more information about the glass fragment found in the frozen meals?	How did the glass contamination occur in the first place?	Are there any specific symptoms or health risks associated with consuming these contaminated meals?	What is the recommended course of action for consumers who may have already purchased and consumed one of the recalled products?
282	What type of processing hazard was identified in the recalled ready to eat - cook meals?	Was the recall related to any specific allergen or contaminant?	Can you provide more information about the PA Firm that issued the recall?	Were there any reported illnesses or adverse reactions associated with the consumption of the recalled product?	Is it safe for consumers who have already purchased and consumed the affected ready to eat - cook meals?
283	What was the nature of the taste disturbance reported in the Harvey Fresh Ltd—All White Milk incident?	Was the milk product recalled due to the organoleptic aspects hazard?	Can you provide more information about the dairy products category and how it relates to this incident?	How common are taste disturbances as a hazard in the meat, egg and dairy products category?	What steps can consumers take to identify and report similar taste disturbances in milk products?
284	What is the nature of the allergen hazard detected in the chocolate eggs produced by Kinnerton Confectionary Australia Pty Ltd?	Are there any specific ingredients or components in the Spiderman 3 ceramic mug that may be contaminated with peanuts?	How does this incident relate to previous recalls or alerts involving Kinnerton Confectionary Australia Pty Ltd?	What is the recommended course of action for consumers who have purchased and consumed the affected chocolate eggs?	Are there any plans in place by the manufacturer to reformulate or re-label their products to avoid similar allergen hazards in the future?
285	What is the nature of the unapproved establishment involved in distributing Moubon Yoghurt Dessert?	Has any action been taken against the distributor or manufacturer of Moubon Yoghurt Dessert?	What is the current status of the yoghurt product in question, and are there any recalls or withdrawals in place?	Can you provide more information about the fraud involved in this incident, such as who was responsible or what their motivations were?	Are there any similar incidents involving yoghurt products from unapproved establishments that I should be aware of?
286	What is the current status of the recall for Top of the Range brand free range eggs due to salmonella contamination?	Are there any reported cases of illness associated with consuming these contaminated eggs?	Can you provide more information about the Game Farm Enterprises (Qld) Pty Ltd facility where the contaminated eggs were produced?	What steps have been taken by regulatory authorities to prevent similar incidents in the future?	Is it safe for consumers who have already purchased Top of the Range brand free range eggs to consume them, or should they be discarded?
287	What were the specific heavy metals found in the bottled mineral water?	Were there any reported cases of illness or adverse health effects associated with consuming the contaminated water?	Can you provide more information about the recall process and how it was initiated?	Did the affected product have a unique identifier, such as a batch number or code, that could be used to identify potentially contaminated products?	Were there any changes made to the manufacturing process or quality control procedures at the facility responsible for producing the bottled mineral water?
288	What is the current status of the recall for Whitestone Windsor Blue Cheese?	Has there been a confirmed case of illness associated with consumption of Whitestone Windsor Blue Cheese contaminated with Listeria monocytogenes?	Is Whitestone Windsor Blue Cheese still available in stores, or has it been removed from sale due to this contamination?	What is the recommended safe storage and handling procedure for consumers who may have purchased Whitestone Windsor Blue Cheese?	Are there any similar products from Whitestone that may also be contaminated with Listeria monocytogenes?
289	What is the current status of the recall for National Foods Pty Ltd—Tilba Cheese?	Are there any reported cases of salmonella illness associated with consuming Tilba Cheese?	Has the manufacturer taken corrective action to prevent future contamination incidents?	Can I get a list of countries where the affected cheese was distributed?	What is the estimated volume of contaminated cheese that has been sold or consumed?
290	What types of heavy metals were detected in the bottled mineral water?	Were there any reported cases of illness or adverse health effects associated with consuming this product?	Can you provide more information about the recall process and how it was initiated?	Did the affected product have a specific expiration date or batch number that triggered the recall?	Are there any similar incidents involving bottled mineral water in other countries or regions?
291	What is the size and shape of the plastic fragment found in the Kit Kat Caramel & Cookie Dough cookies?	Was the plastic fragment a part of the cookie's packaging or an external contaminant?	Has Nestlé issued any recalls or statements regarding this incident with their Kit Kat product?	Can I get more information about how many people were affected by consuming these contaminated cookies?	Are there any similar incidents reported in the past involving foreign bodies in Nestlé's cookie products?
292	What is the current status of the recall for Primo Smallgoods—Shaved Chicken Breast?	Has there been any update on the root cause analysis for the Listeria monocytogenes contamination in chicken breast products?	Are there any similar incidents involving Listeria monocytogenes in meat, egg and dairy products that I should be aware of?	Can you provide more information about the affected product, specifically the packaging and distribution channels used by Primo Smallgoods?	What are the recommended corrective actions for food establishments to prevent similar contamination incidents?
293	What is the exact nature of the plastic fragment found in the Kit Kat Caramel & Cookie Dough cookies?	Was the incident related to a specific production line or batch number?	Have there been any previous incidents involving foreign bodies in Nestlé's Kit Kat products?	How does this incident align with regulatory requirements for food safety and quality control?	What corrective actions has Nestlé taken or plans to take as a result of this incident?
294	What is the specific type of ham that was contaminated with Listeria monocytogenes?	Is there a risk to consumers who have already consumed Prosciutto Parma whole legs and Serrano ham slices and whole legs?	Can you provide more information about the source of the contamination, such as the production facility or supplier?	Are there any similar food products that may also be at risk due to this incident?	What are the recommended steps for consumers who have purchased Prosciutto Parma whole legs and Serrano ham slices and whole legs to ensure their safety?
295	What is the current status of the recall for Franklins—No Frills Pizza—Ham and Pineapple and Supreme varieties?	Are there any reported cases of illness or adverse reactions associated with consuming this product?	Can you provide more information about the moulds detected in the frozen pizza, such as their type and potential health risks?	Have any corrective actions been taken by the manufacturer to prevent future contamination incidents?	Is it safe for consumers who have already consumed this product to seek medical attention if they experience any symptoms?
296	What is the nature of the labelling/misdescription hazard reported for Willow Confectionery's Dark Chocolate Easter Eggs?	How does this incident relate to other reported cases of fraud in the cocoa and cocoa preparations, coffee and tea category?	Can you provide more information about the product description that was allegedly misleading or false on the packaging of these chocolate eggs?	What actions have been taken by regulatory authorities to address this incident and prevent similar incidents in the future?	Are there any updates on whether Willow Confectionery has taken corrective action, such as recalling the affected products or revising their labelling practices?
297	What is the specific labelling or misdescription issue that led to the fraud incident with The Kettle Chip Company's Chilli Potato Chips?	Can you provide more information about the product category 'prepared dishes and snacks' and how it relates to this incident?	Is there any evidence of intentional deception by The Kettle Chip Company in their labelling or marketing practices?	How does this incident affect consumer trust in food products with similar labelling or misdescription issues?	Are there any regulatory actions being taken against The Kettle Chip Company as a result of this fraud incident?
298	What is the exact nature of the labelling/misdescription issue reported in this incident?	Are there any other seafood products from Better Choice that have been involved in similar incidents?	Can you provide more information about the prawns product itself, such as its origin and distribution channels?	How does this incident relate to previous reports of mislabelling or misdescription in the seafood industry?	What corrective actions has Better Choice taken or plans to take in response to this incident?
299	What is the specific strain of Escherichia coli (E. coli) that was found in the recalled Angus beef products?	Were any consumer complaints or illnesses reported as a result of consuming these contaminated ground beef products?	Can you provide more information about the Texas firm responsible for recalling the ground beef products, such as their company name and contact details?	What were the exact dates during which the contaminated ground beef products were distributed to consumers, and what was the total quantity recalled?	Are there any similar recalls or incidents involving E. coli contamination in ground beef products that have occurred since this incident?
